{"cameraMode":{"drawMode":0,"name":"Shaded","section":"Shading Mode"},"sceneLighting":false,"audioPlay":false,"sceneViewState":{"showFog":true,"showMaterialUpdate":false,"showSkybox":false,"showFlares":true,"showImageEffects":true,"showParticleSystems":true},"in2DMode":false,"pivot":{"x":92.04833984375,"y":0.98828125,"z":0.47594642639160159},"rotation":{"x":0.5164637565612793,"y":0.4828673303127289,"z":-0.5180171132087708,"w":0.4814232289791107},"size":30.531278610229493,"orthographic":true}