{"cameraMode":{"drawMode":0,"name":"Shaded","section":"Shading Mode"},"sceneLighting":true,"audioPlay":false,"sceneViewState":{"showFog":true,"showMaterialUpdate":false,"showSkybox":true,"showFlares":true,"showImageEffects":true,"showParticleSystems":true},"in2DMode":false,"pivot":{"x":649.6801147460938,"y":129.5908203125,"z":0.0},"rotation":{"x":-0.007190255913883448,"y":-0.0026897951029241087,"z":-0.000019404105842113495,"w":0.9999707937240601},"size":1049.916748046875,"orthographic":false}